Tele-Nor	e	Tele-Nor
Real	e	Real
Madríd	e	Madríd
Iceland	e	Iceland
Express	e	Express
Iceland	e	Iceland
Express	e	Express
Iceland	e	Iceland
Express	e	Express
Iceland	e	Iceland
Express	e	Express
Iceland	e	Iceland
Express	e	Express
Iceland	e	Iceland
Express	e	Express
Iceland	e	Iceland
Express	e	Express
Iceland	e	Iceland
Express	e	Express
Impregilo	e	Impregilo
Iceland	e	Iceland
Express	e	Express
Iceland	e	Iceland
Express	e	Express
Dior	e	Dior
Dior	e	Dior
Dior.	e	Dior.
Hamid	e	Hamid
Karzai	e	Karzai
Kabúl	e	Kabúl
Gaza	e	Gaza
John	e	John
Danforth	e	Danforth
George	e	George
W.	e	W.
Bush	e	Bush
Securitas	e	Securitas
Trans-Dniester	e	Trans-Dniester
Mikel	e	Mikel
Albizu	e	Albizu
Iriarte	e	Iriarte
San	e	San
Sebastian	e	Sebastian
Irun	e	Irun
Dan	e	Dan
Gillerman	e	Gillerman
John	e	John
Danforth	e	Danforth
Hong	e	Hong
Kong	e	Kong
Leung	e	Leung
Kwok-hung	e	Kwok-hung
Saddams	e	Saddams
Saddam	e	Saddam
Hussein	e	Hussein
Saddams	e	Saddams
Saddam	e	Saddam
Muqtada	e	Muqtada
alSadr	e	alSadr
Recep	e	Recep
Erdogan	e	Erdogan
Louisiana	e	Louisiana
Kamaruddin	e	Kamaruddin
Mohammed	e	Mohammed
Khadijah	e	Khadijah
Udin	e	Udin
Khadijah	e	Khadijah
Kamaruddin	e	Kamaruddin
Kamaruddin	e	Kamaruddin
Basra	e	Basra
Jack	e	Jack
Straw	e	Straw
Bagdad	e	Bagdad
Kenneth	e	Kenneth
Bigley	e	Bigley
Kofi	e	Kofi
Annan	e	Annan
Bagdad	e	Bagdad
Vladimírs	e	Vladimírs
Pútín	e	Pútín
Sergei	e	Sergei
Bagapsh	e	Bagapsh
Raul	e	Raul
Khadzhimba	e	Khadzhimba
Subaru	e	Subaru
Impresa	e	Impresa
Toyota	e	Toyota
Nissan	e	Nissan
Opel	e	Opel
Audi	e	Audi
Lancer	e	Lancer
Golf	e	Golf
Starex	e	Starex
Corolla	e	Corolla
Terios	e	Terios
Swift	e	Swift
Toyota	e	Toyota
Toyota	e	Toyota
Musso-Lancer	e	Musso-Lancer
Musso	e	Musso
Lancer	e	Lancer
Golf	e	Golf
Avensis	e	Avensis
Corollu	e	Corollu
Nissan	e	Nissan
Patrol	e	Patrol
Addco	e	Addco
Corelle	e	Corelle
CORELLE	e	CORELLE
Harry	e	Harry
Potter	e	Potter
Quiznos	e	Quiznos
Xbox	e	Xbox
Project	e	Project
Gotham	e	Gotham
Racing	e	Racing
Need	e	Need
for	e	for
Speed	e	Speed
Most	e	Most
Wanted	e	Wanted
Serla	e	Serla
Zidan	e	Zidan
Riley	e	Riley
Tokyo	e	Tokyo
Max-Mara	e	Max-Mara
Marina	e	Marina
Rinaldi	e	Rinaldi
Max-Mara	e	Max-Mara
Mandolin	e	Mandolin
Nordica	e	Nordica
Microsoft	e	Microsoft
Herbalife	e	Herbalife
Herbalife	e	Herbalife
Shapeworks	e	Shapeworks
NouriFusion	e	NouriFusion
Herbalife	e	Herbalife
Herbalife	e	Herbalife
Herbalife	e	Herbalife
Electrolux	e	Electrolux
Labrador	e	Labrador
Terrier	e	Terrier
Labrador	e	Labrador
Boxer	e	Boxer
Chihuahua	e	Chihuahua
Chiahuahua	e	Chiahuahua
Max-Mara	e	Max-Mara
Barcelona	e	Barcelona
Costa	e	Costa
Brava	e	Brava
Menorca	e	Menorca
Costa	e	Costa
Blanca	e	Blanca
Orihuela	e	Orihuela
Costa	e	Costa
Hvidovre	e	Hvidovre
Select	e	Select
Shell	e	Shell
Subway	e	Subway
Kentucky	e	Kentucky
Kentucky	e	Kentucky
Fried	e	Fried
Chicken	e	Chicken
Herwig	e	Herwig
American	e	American
Style	e	Style
American	e	American
Style	e	Style
Herwig	e	Herwig
Volare	e	Volare
Volare	e	Volare
Rain-X	e	Rain-X
TORREBLANCA	e	TORREBLANCA
Altea	e	Altea
Calpe	e	Calpe
Benidorm	e	Benidorm
Altea	e	Altea
Don	e	Don
Cayo	e	Cayo
Villajoyosa	e	Villajoyosa
Benidorm	e	Benidorm
Arenales	e	Arenales
del	e	del
Sol	e	Sol
Alicante	e	Alicante
Elche	e	Elche
Santa	e	Santa
Pola	e	Pola
Dayasol	e	Dayasol
Daya	e	Daya
Veja	e	Veja
Alicante	e	Alicante
Guardamar	e	Guardamar
Almordí	e	Almordí
Elche	e	Elche
Punta	e	Punta
Prima	e	Prima
Torrevieja	e	Torrevieja
Las	e	Las
Ramplas	e	Ramplas
Villamartín	e	Villamartín
Campoamor	e	Campoamor
Orihuela	e	Orihuela
Costa	e	Costa
Torrevieja	e	Torrevieja
Las	e	Las
Ramplas	e	Ramplas
Villamartín	e	Villamartín
Campoamor	e	Campoamor
Mil	e	Mil
Palmeras	e	Palmeras
Pilar	e	Pilar
de	e	de
la	e	la
Horadada	e	Horadada
Torrevieja	e	Torrevieja
Campoamor	e	Campoamor
La	e	La
Manga	e	Manga
Del	e	Del
Mar	e	Mar
Menor	e	Menor
San	e	San
Javier	e	Javier
Cartagena	e	Cartagena
JOHNNY	e	JOHNNY
DEPP	e	DEPP
SECRET	e	SECRET
WINDOW	e	WINDOW
The	e	The
Comeback	e	Comeback
Valerie	e	Valerie
Richter	e	Richter
Hanaholmen	e	Hanaholmen
Time	e	Time
Invest	e	Invest
Time	e	Time
Invest	e	Invest
Food	e	Food
and	e	and
Fun	e	Fun
Icelandair	e	Icelandair
Iceland	e	Iceland
Naturally	e	Naturally
Iceland	e	Iceland
Airwaves	e	Airwaves
Icelandair	e	Icelandair
Digital	e	Digital
Anbar	e	Anbar
Ninevah	e	Ninevah
Waeil	e	Waeil
Abdel-Latif	e	Abdel-Latif
MOSUL	e	MOSUL
Mosul	e	Mosul
Vodafone	e	Vodafone
Vodafone	e	Vodafone
tweens	e	tweens
the	e	the
tweens	e	tweens
the	e	the
tweens	e	tweens
must	e	must
buy	e	buy
Abdullah	e	Abdullah
Zarga	e	Zarga
tweens	e	tweens
Actavis	e	Actavis
Actavis	e	Actavis
Jaguar	e	Jaguar
Land	e	Land
Rover	e	Rover
Ford	e	Ford
Jaguar	e	Jaguar
Land	e	land
Rover-merkin	e	Rover-merkin
Ford	e	Ford
Cerberus	e	Cerberus
One	e	One
Equity	e	Equity
Partners	e	Partners
Ripplewood	e	Ripplewood
Holdings	e	Holdings
Group	e	Group
GAZ	e	GAZ
Tata	e	Tata
Motors	e	Motors
Ford	e	Ford
Jaguar	e	Jaguar
Jaguar	e	Jaguar
choppers	e	choppers
tall	e	tall
Campache	e	Campache
Campeche	e	Campeche
Playa	e	Playa
Golf	e	Golf
Marina	e	Marina
Spa	e	Spa
Resort	e	Resort
Hawksbill	e	hawksbill
Jack	e	Jack
Nicklaus	e	Nicklaus
Jack	e	Jack
Nicklaus	e	Nicklaus
Rollsinn	e	Rollsinn
Jack	e	Jack
Nicklaus	e	Nicklaus
LA	e	LA
VILLA	e	Villa
tearless	e	tearless
Windows	e	Windows
Media	e	Media
Player	e	Player
WinDVD	e	WinDVD
WinAMP	e	WinAMP
PowerDVD	e	PowerDVD
PowerPoint	e	PowerPoint
QuickTime	e	QuickTime
PowerCinema	e	PowerCinema
TOSHIBA	e	TOSHIBA
SATELLITE	e	SATELLITE
U300-11Z	e	U300-11Z
Intel	e	Intel
Core	e	Core
Duo	e	Duo
TFT	e	TFT
WXGA	e	WXGA
TruBrite	e	TruBrite
Intel	e	Intel
GMA	e	GMA
UMA	e	UMA
Intel	e	Intel
Turbomemory	e	Turbomemory
SATA	e	SATA
Dual	e	Dual
Layer	e	Layer
Harman	e	Harman
Kardon	e	Kardon
Bluetooth	e	Bluetooth
FireWire	e	FireWire
out	e	out
Windows	e	Windows
Vista	e	Vista
Premium	e	Premium
Intel	e	Intel
®	e	®
Core	e	Core
Duo	e	Duo
Intel	e	Intel
Intel	e	Intel
Turbomemory	e	Turbomemory
Robson	e	Robson
TOSHIBA	e	TOSHIBA
SATELLITE	e	SATELLITE
Intel	e	Intel
Celeron	e	Celeron
M	e	M
TFT	e	TFT
WXGA	e	WXGA
Intel	e	Intel
Dual	e	Dual
Layer	e	Layer
Windows	e	Windows
®	e	®
Vista	e	Vista
Premium	e	Premium
PowerNow	e	PowerNow
Technology	e	Technology
LaCie	e	LaCie
F.A	e	F.A
Porsche	e	Porsche
Baden-Powell	e	Baden-Powell
Welling	e	Welling
Per	e	Per
Otto	e	Otto
Sylwan	e	Sylwan
Mel	e	Mel
B	e	B
Donatellu	e	Donatellu
Versace	e	Versace
Donatella	e	Donatella
Britney	e	Britney
Spears	e	Spears
platform	e	platform
baby	e	baby
Pete	e	Pete
Doherty	e	Doherty
Kate	e	Kate
Moss	e	Moss
Mirror	e	Mirror
Pete	e	Pete
Daily	e	Daily
Mirror	e	Mirror
Kate	e	Kate
Moss	e	Moss
Pete	e	Pete
Pete	e	Pete
Moon	e	Moon
River	e	River
Pete	e	Pete
Christine	e	Christine
Michelangelo	e	Michelangelo
Antonioni	e	Antonioni
Blow-Up	e	Blow-Up
L	e	L
Avventure	e	Avventure
Antonionis	e	Antonionis
Walter	e	Walter
Veltroni	e	Veltroni
Antonioni	e	Antonioni
Antonioni	e	Antonioni
Coca-Cola	e	Coca-Cola
Coca-Cola	e	Coca-Cola
Light	e	Light
Broadway	e	Broadway
Organ	e	Organ
Seabear	e	Seabear
Forgotten	e	Forgotten
Lores	e	Lores
Silla	e	Silla
Mongoose	e	Mongoose
Ghostigital	e	Ghostigital
Belfast	e	Belfast
Domo	e	Domo
Black	e	Black
Coffee	e	Coffee
Quick	e	Quick
New	e	New
York	e	York
NANCY	e	NANCY
DREW	e	DREW
Forgotten	e	Forgotten
Lores	e	Lores
Iceland	e	Iceland
Audio	e	Audio
Improvement	e	Improvement
Triangle	e	Triangle
Productions	e	Productions
Beatmakin	e	Beatmakin
Troopa	e	Troopa
Awful	e	Awful
Truth	e	Truth
Triangle	e	Triangle
Productions	e	Productions
Toby	e	Toby
Rand	e	Rand
Toby	e	Toby
Juke	e	Juke
Kartel	e	Kartel
Nenad	e	Nenad
Petrovic	e	Petrovic
Prince	e	Prince
Raijcomar	e	Raijcomar
Peter	e	Peter
Smeichel	e	Smeichel
Fuerteventura	e	Fuerteventura
Kevin	e	Kevin
Garnett	e	Garnett
Boston	e	Boston
Celtics	e	Celtics
Minnesota	e	Minnesota
Timberwolves	e	Timberwolves
Boston	e	Boston
Celtics	e	Celtics
Al	e	Al
Jefferson	e	Jefferson
Green	e	Green
Sebastian	e	Sebastian
Telfair	e	Telfair
Theo	e	Theo
Ratliff	e	Ratliff
Minnesota	e	Minnesota
Boston	e	Boston
Celtics	e	Celtics
Ray	e	Ray
Allen	e	Allen
Seattle	e	Seattle
Kevin	e	Kevin
Garnett	e	Garnett
Celtics	e	Celtics
Boston	e	Boston
Boston	e	Boston
Larry	e	Larry
Bird	e	Bird
Kevin	e	Kevin
McHale	e	McHale
Robert	e	Robert
Parish	e	Parish
Kevin	e	Kevin
Garnett	e	Garnett
Boston	e	Boston
Nordsjælland	e	Nordsjælland
Barcelona	e	Barcelona
West	e	West
Ham	e	Ham
Barcelona	e	Barcelona
Barcelona	e	Barcelona
Chelsea	e	Chelsea
West	e	West
Ham	e	Ham
West	e	West
Ham	e	Ham
West	e	West
Ham	e	Ham
Sky	e	Sky
Liverpool	e	Liverpool
Claudio	e	Claudio
Ranieri	e	Ranieri
Chelsea	e	Chelsea
Claudio	e	Claudio
Ranieri	e	Ranieri
Chelsea	e	Chelsea
Jennifer	e	Jennifer
Aniston	e	Aniston
Brad	e	Brad
Pitt	e	Pitt
John	e	John
Days	e	Days
of	e	of
Our	e	Our
Lives	e	Lives
Liza	e	Liza
Minelli	e	Minelli
Minelli	e	Minelli
Joni	e	Joni
Mitchell	e	Mitchell
Madonna	e	Madonna
Madonnu	e	Madonnu
Madonna	e	Madonna
Madonnu	e	Madonnu
Joni	e	Joni
Mitchell	e	Mitchell
Guns	e	Guns
n	e	n
Roses	e	Roses
Dave	e	Dave
Grohl	e	Grohl
Krist	e	Krist
Novoselic	e	Novoselic
Kurt	e	Kurt
Cobain	e	Cobain
Nirvana	e	Nirvana
Foo	e	Foo
Fighters	e	Fighters
Cobain	e	Cobain
Nirvana	e	Nirvana
Cobain	e	Cobain
Cobain	e	Cobain
Foo	e	Foo
Fighters	e	Fighters
Foo	e	Foo
Fighters	e	Fighters
Grohl	e	Grohl
One	e	One
by	e	by
One	e	One
Dave	e	Dave
Grohl	e	Grohl
Kurt	e	Kurt
Cobain	e	Cobain
FOO	e	FOO
FIGHTERS	e	FIGHTERS
One	e	One
by	e	by
One	e	One
Nirvana	e	Nirvana
Clint	e	Clint
Eastwood	e	Eastwood
Hollywood	e	Hollywood
Blood	e	Blood
Work	e	Work
Eastwoods	e	Eastwoods
Clint	e	Clint
Hollywood	e	Hollywood
Clint	e	Clint
BLOOD	e	BLOOD
WORK	e	WORK
Clint	e	Clint
Eastwood	e	Eastwood
Wanda	e	Wanda
De	e	De
Jesus	e	Jesus
Jeff	e	Jeff
Daniels	e	Daniels
Anjelica	e	Anjelica
Huston	e	Huston
Brian	e	Brian
Helgeland	e	Helgeland
Michael	e	Michael
Connolly	e	Connolly
Clint	e	Clint
Eastwood	e	Eastwood
Vancouver	e	Vancouver
Tacoma	e	Tacoma
Chinese	e	Chinese
Democracy	e	Democracy
Jennifer	e	Jennifer
Lopez	e	Lopez
Ben	e	Ben
Affleck	e	Affleck
Lopez	e	Lopez
Affleck	e	Affleck
Gigli	e	Gigli
Affleck	e	Affleck
Ben	e	Ben
Lopez	e	Lopez
Chris	e	Chris
Judd	e	Judd
Sharon	e	Sharon
Osbourne	e	Osbourne
Ozzy	e	Ozzy
Osbourne	e	Osbourne
Oprah	e	Oprah
Winfrey	e	Winfrey
Osbourne	e	Osbourne
Kelly	e	Kelly
Osbourne	e	Osbourne
Sharon	e	Sharon
Shut	e	Shut
Up	e	Up
Lou	e	Lou
Reed	e	Reed
Reed	e	Reed
Edgar	e	Edgar
Allan	e	Allan
Poe	e	Poe
Reeds	e	Reeds
Poe	e	Poe
Willem	e	Willem
Dafoe	e	Dafoe
The	e	The
Raven	e	Raven
Reed	e	Reed
Incubus	e	Incubus
The	e	The
Edge	e	Edge
Sonic	e	Sonic
Youth	e	Youth
The	e	The
Hives	e	Hives
Pixies	e	Pixies
Black	e	Black
Rebel	e	Rebel
Motorcycle	e	Motorcycle
Club	e	Club
The	e	The
Edge	e	Edge
American	e	American
Psycho	e	Psycho
Martin	e	Martin
McDonagh	e	McDonagh
Clive	e	Clive
Pollard	e	Pollard
Frank	e	Frank
Sinatra	e	Sinatra
Frank	e	Frank
Sinatra	e	Sinatra
Lazy	e	Lazy
Boy	e	Boy
billiard	e	billiard
lumens	e	lumens
Euro	e	Euro
Carstem	e	Carstem
video	e	video
email	e	email
HERBALIFE	e	HERBALIFE
HERBALIFE	e	HERBALIFE
Herbalife	e	Herbalife
HERBALIFE	e	HERBALIFE
Silver	e	Silver
Cross	e	Cross
Brittax	e	Brittax
Peugeot	e	Peugeot
Equinox	e	Equinox
Toyota	e	Toyota
Corolla	e	Corolla
Daihatsu	e	Daihatsu
Rocky	e	Rocky
Hyundai	e	Hyundai
Pony	e	Pony
Dodge	e	Dodge
Aries	e	Aries
Honda	e	Honda
Hyundai	e	Hyundai
Accent	e	Accent
spoiler	e	spoiler
Suzuki	e	Suzuki
Sidekick	e	Sidekick
Honda	e	Honda
Civic	e	Civic
Volvo	e	Volvo
Volvo	e	Volvo
Toyota	e	Toyota
Carina	e	Carina
Toyota	e	Toyota
Avensis	e	Avensis
Subaru	e	Subaru
Lancer	e	Lancer
Lancer	e	Lancer
Mazda	e	Mazda
Mazda	e	Mazda
station	e	station
Nissan	e	Nissan
Micra	e	Micra
Pontiac	e	Pontiac
Transam	e	Transam
Pontiac	e	Pontiac
Ventura	e	Ventura
Scania	e	Scania
Volvo	e	Volvo
Benz	e	Benz
Scania	e	Scania
Volvo	e	Volvo
scania	e	scania
Pirelli	e	Pirelli
Nokian	e	Nokian
Courier	e	Courier
Asco	e	Asco
Gabriel	e	Gabriel
Pony	e	Pony
Corolla	e	Corolla
Galant	e	Galant
Lancer	e	Lancer
Peugeot	e	Peugeot
Cuore	e	Cuore
Nizzan	e	Nizzan
Mazda	e	Mazda
Honda	e	Honda
Nissan	e	Nissan
Toyota	e	Toyota
Carina	e	Carina
Suzuki	e	Suzuki
Vitara	e	Vitara
Mözdu	e	Mözdu
Toyota	e	Toyota
turbo	e	turbo
Woody	e	Woody
Allen	e	Allen
Allen	e	Allen
Kaufmann	e	Kaufmann
Auditorium	e	Auditorium
New	e	New
York	e	York
Allen	e	Allen
Allen	e	Allen
Shakespeare	e	Shakespeare
Shakespeare	e	Shakespeare
Shakespeare	e	Shakespeare
Tom	e	Tom
Withers	e	Withers
Klute	e	Klute
Klute	e	Klute
Mobiler	e	Mobiler
CENT	e	CENT
David	e	David
Cronenberg	e	Cronenberg
Naked	e	Naked
Lunch	e	Lunch
William	e	William
Burroughs	e	Burroughs
Crash	e	Crash
The	e	The
Fly	e	Fly
Dead	e	Dead
Ringers	e	Ringers
Scanners	e	Scanners
Spider	e	Spider
Ralph	e	Ralph
Fiennes	e	Fiennes
Gabriel	e	Gabriel
Byrne	e	Byrne
Natasha	e	Natasha
Richardson	e	Richardson
Jennifer	e	Jennifer
Aniston	e	Aniston
The	e	The
Good	e	Good
Girl	e	Girl
Holden	e	Holden
Caulfield	e	Caulfield
The	e	The
Catcher	e	Catcher
in	e	in
the	e	the
Rye	e	Rye
Salinger	e	Salinger
Miguel	e	Miguel
Arteta	e	Arteta
Jake	e	Jake
Gyllenhaal	e	Gyllenhaal
John	e	John
Reilly	e	Reilly
Phillip	e	Phillip
Noyce	e	Noyce
The	e	The
Quiet	e	Quiet
American	e	American
Michael	e	Michael
Caine	e	Caine
Rabbit	e	Rabbit
Proof	e	Proof
Fence	e	Fence
Molly	e	Molly
Craig	e	Craig
Kenneth	e	Kenneth
Branagh	e	Branagh
Ningali	e	Ningali
Lawford	e	Lawford
David	e	David
Gulpilil	e	Gulpilil
Jason	e	Jason
Clarke	e	Clarke
Peter	e	Peter
Gabriel	e	Gabriel
Golden	e	Golden
Danny	e	Danny
Boyle	e	Boyle
Trainspotting	e	Trainspotting
Shallow	e	Shallow
Grave	e	Grave
The	e	The
Beach	e	Beach
Days	e	Days
Later	e	Later
Empire	e	Empire
Michael	e	Michael
Moore	e	Moore
Bush	e	Bush
Moore	e	Moore
Moore	e	Moore
Bowling	e	Bowling
for	e	for
Columbine	e	Columbine
Moore	e	Moore
Moore	e	Moore
MICHAEL	e	Michael
MOORE	e	MOORE
Stupid	e	Stupid
White	e	White
Men	e	Men
Michael	e	Michael
Moore	e	Moore
Columbine	e	Columbine
Jerry	e	Jerry
Seinfeld	e	Seinfeld
Comedian	e	Comedian
Christian	e	Christian
Charles	e	Charles
Seinfeld	e	Seinfeld
Jay	e	Jay
Leno	e	Leno
Bill	e	Bill
Cosby	e	Cosby
Chris	e	Chris
Rock	e	Rock
Ray	e	Ray
Romano	e	Romano
Elsker	e	Elsker
dig	e	dig
for	e	for
evigt	e	evigt
Susanne	e	Susanne
Bier	e	Bier
Nikolaj	e	Nikolaj
Lie	e	Lie
Kaas	e	Kaas
Mads	e	Mads
Mikkaelsen	e	Mikkaelsen
Blinkende	e	Blinkende
lygter	e	lygter
I	e	I
Kina	e	Kina
spiser	e	spiser
de	e	de
hunde	e	hunde
Cate	e	Cate
Blanchett	e	Blanchett
Krzysztof	e	Krzysztof
Kieslowski	e	Kieslowski
Heaven	e	Heaven
Kieslowski	e	Kieslowski
Tom	e	Tom
Tykwer	e	Tykwer
Lola	e	Lola
rennt	e	rennt
Philippu	e	Philippu
Paccard	e	Paccard
Roberto	e	Roberto
Benigni	e	Benigni
La	e	La
Vita	e	Vita
é	e	é
Bella	e	Bella
Benigni	e	Benigni
Benigni	e	Benigni
NAQOYQATSI	e	NAQOYQATSI
Naqoyqatsi	e	Naqoyqatsi
qatsi	e	qatsi
Godfrey	e	Godfrey
Reggio	e	Reggio
Phillip	e	Phillip
Glass	e	Glass
The	e	The
Hours	e	Hours
Gamle	e	Gamle
mænd	e	mænd
í	e	í
nye	e	nye
biler	e	biler
Lasse	e	Lasse
Spang	e	Spang
Olsen	e	Olsen
I	e	I
Kina	e	Kina
spiser	e	spiser
de	e	de
hunde	e	hunde
Klassfesten	e	Klassfesten
Magnus	e	Magnus
Mans	e	Mans
Herngren	e	Herngren
Almqvist	e	Almqvist
Inday	e	Inday
Ba	e	Ba
Nokia	e	Nokia
Sony	e	Sony
Ericsson	e	Ericsson
bluetooth	e	bluetooth
El	e	El
Crimen	e	Crimen
del	e	del
Padre	e	Padre
Amaro	e	Amaro
Los	e	Los
Reyes	e	Reyes
Benito	e	Benito
Amaro	e	Amaro
Amaro	e	Amaro
EL	e	EL
CRIMEN	e	CRIMEN
DEL	e	del
PADRE	e	PADRE
AMARO	e	AMARO
Gael	e	Gael
Garcia	e	Garcia
Bernal	e	Bernal
Amaro	e	Amaro
Chuck	e	Chuck
Barris	e	Barris
Barris	e	Barris
Barris	e	Barris
George	e	George
Clooney	e	Clooney
Charlie	e	Charlie
Kaufman	e	Kaufman
Adaptation	e	Adaptation
Barris	e	Barris
Helsinki	e	Helsinki
Barris	e	Barris
Clooney	e	Clooney
Julia	e	Julia
Roberts	e	Roberts
Drew	e	Drew
Barrymore	e	Barrymore
Barris	e	Barris
Sam	e	Sam
Rockwell	e	Rockwell
Rutger	e	Rutger
Hauer	e	Hauer
Clooney	e	Clooney
Jim	e	Jim
Byrd	e	Byrd
Sam	e	Sam
Rockwell	e	Rockwell
CONFESSIONS	e	CONFESSIONS
OF	e	OF
A	e	a
DANGEROUS	e	DANGEROUS
MIND	e	MIND
Clooney	e	Clooney
Clooneys	e	Clooneys
George	e	George
Clooney	e	Clooney
Confessions	e	Confessions
of	e	of
a	e	a
Dangerous	e	Dangerous
Mind	e	Mind
Chuck	e	Chuck
Barris	e	Barris
Johnny	e	Johnny
English	e	English
Dark	e	Dark
Blue	e	Blue
Charlotte	e	Charlotte
Gray	e	Gray
Eminem	e	Eminem
DeAngelo	e	DeAngelo
Bailey	e	Bailey
Brain	e	Brain
Damage	e	Damage
Eminem	e	Eminem
Harry	e	Harry
The	e	The
Goblet	e	Goblet
of	e	of
Fire	e	Fire
The	e	The
Prisoner	e	Prisoner
of	e	of
Azkaban	e	Azkaban
Marilyn	e	Marilyn
Monroe	e	Monroe
London	e	London
Arthur	e	Arthur
Miller	e	Miller
Jude	e	Jude
Law	e	Law
Alfie	e	Alfie
Michael	e	Michael
Caine	e	Caine
Law	e	Law
Hollywood	e	Hollywood
Blur	e	Blur
Metallica	e	Metallica
Linkin	e	Linkin
Park	e	Park
Reading	e	Reading
Placebo	e	Placebo
Beck	e	Beck
White	e	White
Stripes	e	Stripes
The	e	The
Streets	e	Streets
Doves	e	Doves
Elbow	e	Elbow
Presley	e	Presley
Tanitu	e	Tanitu
Tikaram	e	Tikaram
Sheryl	e	Sheryl
Crow	e	Crow
Ok	e	Ok
Computer	e	Computer
Lisa	e	Lisa
Marie	e	Marie
LISA	e	LISA
MARIE	e	Marie
PRESLEY	e	PRESLEY
To	e	To
Whom	e	Whom
It	e	It
May	e	May
Concern	e	Concern
Madonna	e	Madonna
Eminem	e	Eminem
Elton	e	Elton
John	e	John
Britney	e	Britney
Spears	e	Spears
Oasis	e	Oasis
Linkin	e	Linkin
Park	e	Park
Meteora	e	Meteora
Cent	e	Cent
LIAM	e	LIAM
GALLAGHER	e	GALLAGHER
Oasis	e	Oasis
Jay	e	Jay
Leno	e	Leno
Dennis	e	Dennis
Miller	e	Miller
George	e	George
W.	e	W.
Bush	e	Bush
Peter	e	Peter
Arnett	e	Arnett
Michael	e	Michael
Moore	e	Moore
Bush	e	Bush
Leno	e	Leno
Jay	e	Jay
Leno	e	Leno
Leno	e	Leno
Miller	e	Miller
Jay	e	Jay
Leno	e	Leno
Dennis	e	Dennis
Miller	e	Miller
Western	e	Western
World	e	World
Soccer	e	Soccer
Show	e	Show
West	e	West
World	e	World
US	e	US
Masters	e	Masters
US	e	US
Masters	e	Masters
Augusta	e	Augusta
National	e	National
Football	e	Football
Week	e	Week
UK	e	UK
US	e	US
PGA	e	PGA
Tour	e	Tour
Players	e	Players
Championship	e	Championship
European	e	European
PGA	e	PGA
Tour	e	Tour
Caltex	e	Caltex
Masters	e	Masters
White	e	White
Teeth	e	Teeth
Zadie	e	Zadie
Smith	e	Smith
Julian	e	Julian
Jarrold	e	Jarrold
Om	e	Om
Puri	e	Puri
Philip	e	Philip
Davis	e	Davis
Geraldine	e	Geraldine
James	e	James
Robert	e	Robert
Bathurst	e	Bathurst
Christopher	e	Christopher
Simpson	e	Simpson
Sarah	e	Sarah
Ozeke	e	Ozeke
San	e	San
Shella	e	Shella
Green	e	Green
Manchester	e	Manchester
Liza	e	Liza
Tarbuck	e	Tarbuck
Christopher	e	Christopher
Eccleston	e	Eccleston
Claire	e	Claire
Rushbrook	e	Rushbrook
Sean	e	Sean
Gallagher	e	Gallagher
Daniel	e	Daniel
Ryan	e	Ryan
You	e	You
Know	e	Know
My	e	My
Name	e	Name
Sam	e	Sam
Elliott	e	Elliott
Arliss	e	Arliss
Howard	e	Howard
Carolyn	e	Carolyn
McCormick	e	McCormick
Don	e	Don
King	e	King
Only	e	Only
In	e	In
America	e	America
Dons	e	Dons
Kings	e	Kings
Ving	e	Ving
Rhames	e	Rhames
Vondie	e	Vondie
Curtis-Hall	e	Curtis-Hall
Giving	e	Giving
Up	e	Up
the	e	the
Ghost	e	Ghost
Marg	e	Marg
Helgenberger	e	Helgenberger
Alan	e	Alan
Rosenberg	e	Rosenberg
Bob	e	Bob
Balaban	e	Balaban
Brian	e	Brian
Kerwin	e	Kerwin
Claudia	e	Claudia
Weill	e	Weill
Grounded	e	Grounded
for	e	for
life	e	life
Sean	e	Sean
Clauda	e	Clauda
Malcolm	e	Malcolm
in	e	in
the	e	the
middle	e	middle
Malcolm	e	Malcolm
Malcolm	e	Malcolm
Everybody	e	Everybody
Loves	e	Loves
Raymond	e	Raymond
Debra	e	Debra
Ray	e	Ray
Ray	e	Ray
Debru	e	Debru
Ray	e	Ray
Debra	e	Debra
Marie	e	Marie
White	e	White
Teeth	e	Teeth
Zadie	e	Zadie
Smith	e	Smith
Archie	e	Archie
Samad	e	Samad
Archie	e	Archie
Julian	e	Julian
Jarrold	e	Jarrold
Om	e	Om
Puri	e	Puri
Philip	e	Philip
Davis	e	Davis
Geraldine	e	Geraldine
James	e	James
Robert	e	Robert
Bathurst	e	Bathurst
Christopher	e	Christopher
Simpson	e	Simpson
Sarah	e	Sarah
Ozeke	e	Ozeke
San	e	San
Shella	e	Shella
AMERICAN	e	AMERICAN
IDOL	e	IDOL
The	e	The
Bachelor	e	Bachelor
American	e	American
Idol	e	Idol
Crime	e	Crime
Scene	e	Scene
Investigation	e	Investigation
American	e	American
Idol	e	Idol
The	e	The
Bachelor	e	Bachelor
American	e	American
Idol	e	Idol
Will	e	Will
Grace	e	Grace
Madonnu	e	Madonnu
Madonna	e	Madonna
Tim	e	Tim
Kaiser	e	Kaiser
Madonnu	e	Madonnu
Madonna	e	Madonna
Michael	e	Michael
Douglas	e	Douglas
Matt	e	Matt
Damon	e	Damon
Madonnu	e	Madonnu
Guy	e	Guy
Ritchie	e	Ritchie
Madonna	e	Madonna
Megan	e	Megan
Mullally	e	Mullally
MADONNA	e	MADONNA
Madonnu	e	Madonnu
Will	e	Will
Grace	e	Grace
Madonnu	e	Madonnu
CHARLES	e	CHARLES
INGRAM	e	INGRAM
Charles	e	Charles
Ingram	e	Ingram
Ingrams	e	Ingrams
Diana	e	Diana
Tecwin	e	Tecwin
Whittock	e	Whittock
Washington	e	Washington
Washington	e	Washington
Charles	e	Charles
Dutton	e	Dutton
Charles	e	Charles
Moose	e	Moose
Remax	e	Remax
STUDIÓ	e	STUDIÓ
Always	e	Always
Ultra	e	Ultra
Carmina	e	Carmina
Carminu	e	Carminu
Carmina	e	Carmina
Stockholm	e	Stockholm
Early	e	Early
Music	e	Music
Festival	e	Festival
Jordi	e	Jordi
Savall	e	Savall
Hesperion	e	Hesperion
Carminu	e	Carminu
Roni	e	Roni
Horn	e	Horn
Rainers	e	Rainers
Fassbinder	e	Fassbinder
Antony	e	Antony
Neilson	e	Neilson
Gere	e	Gere
-Lisa	e	-Lisa
Schwarzbaum	e	Schwarzbaum
Entertainment	e	Entertainment
Weekly	e	Weekly
Hallström	e	Hallström
-Michael	e	-Michael
Sragow	e	Sragow
Baltimore	e	Baltimore
Sun	e	Sun
-David	e	-David
Ansen	e	Ansen
Newsweek	e	Newsweek
Lasse	e	Lasse
Hallström	e	Hallström
Moss	e	Moss
Moss	e	Moss
Moss	e	Moss
Moss	e	Moss
resort	e	resort
New	e	New
York	e	York
resort	e	resort
resort	e	resort
New	e	New
York	e	York
Lagerfeld	e	Lagerfeld
Chanel	e	Chanel
Ferretti	e	Ferretti
John	e	John
Galliano	e	Galliano
Dior	e	Dior
Chanel	e	Chanel
Lagerfeld	e	Lagerfeld
Prince	e	Prince
Guitar	e	Guitar
Prince	e	Prince
Mirren	e	Mirren
Philip	e	Philip
Martin	e	Martin
Deasy	e	Deasy
Mirren	e	Mirren
Prime	e	Prime
Suspect	e	Suspect
Mirren	e	Mirren
The	e	The
Queen	e	Queen
Mirren	e	Mirren
ICELANDAIR	e	ICELANDAIR
Days	e	Days
Later	e	Later
Robert	e	Robert
Carlyle	e	Carlyle
Days	e	Days
Later	e	Later
Robert	e	Robert
Carlyle	e	Carlyle
Paula	e	Paula
Abdul	e	Abdul
Abdul	e	Abdul
American	e	American
Abdul	e	Abdul
Abdul	e	Abdul
Abdul	e	Abdul
Abdul	e	Abdul
Paula	e	Paula
Abdul	e	Abdul
McCartney	e	McCartney
Memory	e	Memory
Almost	e	Almost
Full	e	Full
Hear	e	Hear
Music	e	Music
Starbucks	e	Starbucks
Concord	e	Concord
Music	e	Music
Group	e	Group
McCartney	e	McCartney
McCartneys	e	McCartneys
Chaos	e	Chaos
and	e	and
Creation	e	Creation
in	e	in
the	e	the
Backyard	e	Backyard
McCartney	e	McCartney
Jesus	e	Jesus
This	e	This
In	e	In
An	e	An
Advertisment	e	Advertisment
This	e	This
Is	e	Is
An	e	An
Advertisment	e	Advertisment
best	e	best
vinyl	e	vinyl
Jesus	e	Jesus
Filipino	e	Filipino
Girl	e	Girl
This	e	This
is	e	is
An	e	An
Advertisment	e	Advertisment
Regal	e	Regal
Recordings	e	Recordings
Great	e	Great
Brighton	e	Brighton
London	e	London
Nordic	e	Nordic
Notes	e	Notes
Our	e	Our
Way	e	Way
Hinda	e	Hinda
Khogali	e	Khogali
Nick	e	Nick
Scholey	e	Scholey
Slipknot	e	Slipknot
coverinu	e	coverinu
Ida	e	Ida
Robbie	e	Robbie
Williams	e	Williams
Ayda	e	Ayda
Field	e	Field
Robbie	e	Robbie
Ayda	e	Ayda
Ayda	e	Ayda
Will	e	Will
Grace	e	Grace
Days	e	Days
of	e	of
our	e	our
Lives	e	Lives
Robbie	e	Robbie
Robbie	e	Robbie
Trinídad	e	Trinídad
Tóbagó	e	Tóbagó
London	e	London
Loftus	e	Loftus
Road	e	Road
Liechtenstein	e	Liechtenstein
Renault	e	Renault
Scenic	e	Scenic
Hyundai	e	Hyundai
Hyundai	e	Hyundai
DAEWOO	e	DAEWOO
Nissan	e	Nissan
Almera	e	Almera
Coleman	e	Coleman
Redwood	e	Redwood
Coleman	e	Coleman
Taos	e	Taos
Coleman	e	Coleman
Sea	e	Sea
Pine	e	Pine
Coleman	e	Coleman
Taos	e	Taos
Coleman	e	Coleman
Santa	e	Santa
Fe	e	Fe
Coleman	e	Coleman
Sedona	e	Sedona
HONDA	e	HONDA
TOYOTA	e	Toyota
LANDCR	e	LANDCR
DISEL	e	DISEL
NISSAN	e	NISSAN
PRIMERA	e	PRIMERA
ELEGANCE	e	ELEGANCE
BENZ	e	BENZ
GRAND	e	Grand
CHEROKEE	e	CHEROKEE
LTD	e	LTD
OVERLAND	e	OVERLAND
TOYOTA	e	Toyota
LAND	e	LAND
CRUISER	e	CRUISER
Patrol	e	Patrol
TOYOTA	e	Toyota
LANDCRUISER	e	LANDCRUISER
M.Benz	e	M.Benz
Skoda	e	Skoda
Felicia	e	Felicia
VOLVO	e	VOLVO
stw	e	stw
GLE	e	GLE
spoiler	e	spoiler
Peugeot	e	Peugeot
FOREVER	e	FOREVER
Subaru	e	Subaru
Impreza	e	Impreza
spoiler	e	spoiler
Chrysler	e	Chrysler
PT	e	PT
Cruiser	e	Cruiser
L	e	L
Limited	e	Limited
Edition	e	Edition
Vento	e	Vento
Hyundai	e	Hyundai
Sonata	e	Sonata
Daihatsu	e	Daihatsu
Feroza	e	Feroza
Daihatsu	e	Daihatsu
Rocky	e	Rocky
turbo	e	turbo
Renault	e	Renault
Clio	e	Clio
Renault	e	Renault
Clio	e	Clio
Nissan	e	Nissan
Micra	e	Micra
Daewoo	e	Daewoo
Lanos	e	Lanos
SX	e	SX
Jeep	e	Jeep
Wrangler	e	Wrangler
Ford	e	Ford
Mustang	e	Mustang
NISSAN	e	NISSAN
TERRANO	e	TERRANO
SLX	e	SLX
SUZUKI	e	SUZUKI
DRZ	e	DRZ
Pajero	e	Pajero
CHEVROLET	e	CHEVROLET
CAMARO	e	CAMARO
ANNIVERSARY	e	ANNIVERSARY
PONTIAC	e	PONTIAC
GRAND	e	Grand
PRIX	e	PRIX
SE	e	SE
COUPE	e	COUPE
Lancer	e	Lancer
Daihatsu	e	Daihatsu
Terios	e	Terios
Nissan	e	Nissan
Sunny	e	Sunny
Hyundai	e	Hyundai
Matrix	e	Matrix
Toyota	e	Toyota
Carina	e	Carina
E	e	E
Enduro	e	Enduro
Toyota	e	Toyota
Corolla	e	Corolla
Toyota	e	Toyota
Corolla	e	Corolla
Mitsubishi	e	Mitsubishi
Lancer	e	Lancer
HONDA	e	HONDA
YAMAHA	e	YAMAHA
WR	e	WR
Volvo	e	Volvo
turbo	e	turbo
Galant	e	Galant
Toyota	e	Toyota
Corolla	e	Corolla
Nissan	e	Nissan
Sunny	e	Sunny
Galant	e	Galant
GTi	e	GTi
Saab	e	Saab
Peugeot	e	Peugeot
Toyota	e	Toyota
Corolla	e	Corolla
Hatch-back	e	Hatch-back
Honda	e	Honda
Civic	e	Civic
Galant	e	Galant
GLSi	e	GLSi
Nissan	e	Nissan
Sunny	e	Sunny
station	e	station
Toyota	e	Toyota
Corolla	e	Corolla
Renault	e	Renault
Nevada	e	Nevada
Bronco	e	Bronco
Hyundai	e	Hyundai
Accent	e	Accent
Mazda	e	Mazda
GLX	e	GLX
Galant	e	Galant
Galant	e	Galant
Ford	e	Ford
Mustang	e	Mustang
Galant	e	Galant
Honda	e	Honda
Accord	e	Accord
Colt	e	Colt
Daihatsu	e	Daihatsu
Rocky	e	Rocky
Opel	e	Opel
Astra	e	Astra
station	e	station
Jetta	e	Jetta
Mazda	e	Mazda
Nissan	e	Nissan
Sunny	e	Sunny
Nissan	e	Nissan
Sunny	e	Sunny
SLX	e	SLX
Toyota	e	Toyota
Corolla	e	Corolla
Toyota	e	Toyota
Corolla	e	Corolla
Chevrolet	e	Chevrolet
Monza	e	Monza
Skoda	e	Skoda
Felicia	e	Felicia
Toyota	e	Toyota
Corolla	e	Corolla
Mazda	e	Mazda
Daihatsu	e	Daihatsu
Feroza	e	Feroza
Honda	e	Honda
Accord	e	Accord
Mazda	e	Mazda
Galant	e	Galant
Renault	e	Renault
Clio	e	Clio
Mitsubishi	e	Mitsubishi
Galant	e	Galant
euro	e	euro
Polo	e	Polo
Hyundai	e	Hyundai
Accent	e	Accent
Opel	e	Opel
Astra	e	Astra
station	e	station
Golf	e	Golf
Ford	e	Ford
Escort	e	Escort
Cherokee	e	Cherokee
Laredo	e	Laredo
Mercur	e	Mercur
XR	e	XR
Ti	e	Ti
turbo	e	turbo
Toyota	e	Toyota
Corolla	e	Corolla
Si	e	Si
Galant	e	Galant
Dodge	e	Dodge
Golf	e	Golf
station	e	station
Honda	e	Honda
CRX	e	CRX
V-Tec	e	V-Tec
Golf	e	Golf
Chevrolet	e	Chevrolet
Blazer	e	Blazer
S	e	S
Honda	e	Honda
Civic	e	Civic
Dsi	e	Dsi
Ford	e	Ford
Escort	e	Escort
station	e	station
Benz	e	Benz
Honda	e	Honda
Civic	e	Civic
Golf	e	Golf
Mazda	e	Mazda
Willys	e	Willys
Volkswagen	e	Volkswagen
Golf	e	Golf
Daihatsu	e	Daihatsu
Sirion	e	Sirion
CX	e	CX
Ford	e	Ford
Escort	e	Escort
Ghia	e	Ghia
Escort	e	Escort
Camaro	e	Camaro
Toyota	e	Toyota
Yaris	e	Yaris
Passat	e	Passat
Carisma	e	Carisma
GLX	e	GLX
Galant	e	Galant
GLSi	e	GLSi
Toyotu	e	Toyotu
Caddy	e	Caddy
Lancer	e	Lancer
Glx	e	Glx
Royale	e	Royale
Renault	e	Renault
Sénic	e	Sénic
Toyota	e	Toyota
Yaris	e	Yaris
Toyota	e	Toyota
Corolla	e	Corolla
Touring	e	Touring
Chrysler	e	Chrysler
LHS	e	LHS
pick	e	pick
up	e	up
Yamaha	e	Yamaha
Opel	e	Opel
Corsa	e	Corsa
Explorer	e	Explorer
XLT	e	XLT
Crysler	e	Crysler
Sebring	e	Sebring
LXi	e	LXi
Plymouth	e	Plymouth
Voyager	e	Voyager
Nissan	e	Nissan
Almera	e	Almera
Toyota	e	Toyota
Carina	e	Carina
Grand	e	Grand
Cherokee	e	Cherokee
WW	e	WW
Golf	e	Golf
Nissan	e	Nissan
Opel	e	Opel
Vectra	e	Vectra
spoiler	e	spoiler
Renault	e	Renault
Megané	e	Megané
Classic	e	Classic
Toyota	e	Toyota
Avensis	e	Avensis
Cadillac	e	Cadillac
Sedan	e	Sedan
DeVille	e	DeVille
cyl	e	cyl
Digital	e	Digital
Fuel	e	Fuel
Injection	e	Injection
Daewoo	e	Daewoo
Lanos	e	Lanos
SX	e	SX
Toyota	e	Toyota
Corolla	e	Corolla
Hyundai	e	Hyundai
Elantra	e	Elantra
Wagon	e	Wagon
Hyundai	e	Hyundai
Starex	e	Starex
Chrysler	e	Chrysler
Stratus	e	Stratus
Renault	e	Renault
Clio	e	Clio
Daewoo	e	Daewoo
Lanos	e	Lanos
Toyota	e	Toyota
Avensis	e	Avensis
Golf	e	Golf
GTI	e	GTI
Alfa	e	Alfa
Romeo	e	Romeo
Dodge	e	Dodge
Stratus	e	Stratus
R	e	R
T	e	T
Peugeot	e	Peugeot
cruise	e	cruise
SUBARU	e	SUBARU
Impreza	e	Impreza
Subaru	e	Subaru
Impreza	e	Impreza
Regal	e	Regal
SE	e	SE
mercruiser	e	mercruiser
inb	e	inb
outb	e	outb
Bora	e	Bora
M.BENZ	e	M.BENZ
STATION	e	STATION
Esprit	e	Esprit
selection	e	selection
Alfa	e	Alfa
Romeo	e	Romeo
Sportwagon	e	Sportwagon
Transam	e	Transam
Transam	e	Transam
Ramair	e	Ramair
steptronic	e	steptronic
Opel	e	Opel
Vectra	e	Vectra
cyl.	e	cyl.
Ford	e	Ford
Focus	e	Focus
GHIA	e	GHIA
Ci	e	Ci
Ford	e	Ford
Sport	e	Sport
Track	e	Track
Poineer	e	Poineer
Audi	e	Audi
TT	e	TT
Quattro	e	Quattro
Hp	e	Hp
Pajero	e	Pajero
Grand	e	Grand
Cherokee	e	Cherokee
Dodge	e	Dodge
Ram	e	Ram
Hemi	e	Hemi
Patrol	e	Patrol
Ford	e	Ford
Lariat	e	Lariat
diesel	e	diesel
M.BENZ	e	M.BENZ
AUDI	e	AUDI
QUATTRO	e	QUATTRO
model	e	model
Xenon	e	Xenon
Bose	e	Bose
I	e	I
STEPTRONIC	e	STEPTRONIC
Volvo	e	Volvo
S	e	S
executive	e	executive
Pajero	e	Pajero
Galant	e	Galant
Honda	e	Honda
Accord	e	Accord
CENT	e	CENT
Eminem	e	Eminem
Julianne	e	Julianne
Moore	e	Moore
Toni	e	Toni
Collette	e	Collette
The	e	The
Hours	e	Hours
Moore	e	Moore
Sunday	e	Sunday
Mirror	e	Mirror
Moore	e	Moore
Julianne	e	Julianne
Moore	e	Moore
MOORE	e	MOORE
Julianne	e	Julianne
Moore	e	Moore
Boogie	e	Boogie
Nights	e	Nights
Magnolia	e	Magnolia
Friends	e	Friends
Jennifer	e	Jennifer
Aniston	e	Aniston
Aniston	e	Aniston
Joey	e	Joey
Matt	e	Matt
Le	e	Le
Blanc	e	Blanc
Hollywood	e	Hollywood
Joey	e	Joey
Friends	e	Friends
Karlskrona	e	Karlskrona
Karlskrona	e	Karlskrona
ZETA	e	ZETA
JONES	e	JONES
Catherine	e	Catherine
Zeta	e	Zeta
Jones	e	Jones
Michael	e	Michael
Douglas	e	Douglas
Catherine	e	Catherine
Zeta	e	Zeta
Jones	e	Jones
Catherine	e	Catherine
Zeta	e	Zeta
Jones	e	Jones
Swansea	e	Swansea
Wales	e	Wales
Jones	e	Jones
Kremlar	e	Kremlar
The	e	The
Sunday	e	Sunday
Mirror	e	Mirror
Audi	e	Audi
Vauxhall	e	Vauxhall
Tom	e	Tom
Watson	e	Watson
Audi	e	Audi
Vauxhall	e	Vauxhall
Audi	e	Audi
Bycast	e	Bycast
Ambitat	e	Ambitat
King	e	King
bycast	e	bycast
Ariston	e	Ariston
Offshore	e	Offshore
HJGLOBAL	e	HJGLOBAL
Euro	e	Euro
party	e	party
Signal	e	Signal
Herbalife	e	Herbalife
Herbalife	e	Herbalife
HERBALIFE	e	HERBALIFE
Herbalife	e	Herbalife
Tourette	e	Tourette
Galant	e	Galant
Volvo	e	Volvo
Penta	e	Penta
Mazda	e	Mazda
Honda	e	Honda
Nissan	e	Nissan
Toyota	e	Toyota
Carina	e	Carina
Suzuki	e	Suzuki
Vitara	e	Vitara
Mözdu	e	Mözdu
Toyota	e	Toyota
turbo	e	turbo
Nissan	e	Nissan
Navision	e	Navision
Financials	e	Financials
MODEM	e	MODEM
EURO	e	Euro
Shania	e	Shania
Twain	e	Twain
Grey	e	Grey
Pondus	e	Pondus
Frode	e	Frode
Øverli	e	Øverli
Gene	e	Gene
Simmons	e	Simmons
Kiss	e	Kiss
VALANCE	e	VALANCE
Holly	e	Holly
Valance	e	Valance
Holly	e	Holly
Valance	e	Valance
Holly	e	Holly
Valance	e	Valance
Mohammed	e	Mohammed
Al	e	Al
Fayed	e	Fayed
Dorota	e	Dorota
Bielatowicz	e	Bielatowicz
Bielatowicz	e	Bielatowicz
Wadowice	e	Wadowice
Wadowice	e	Wadowice
Dorotu	e	Dorotu
Bielatowicz	e	Bielatowicz
Dorota	e	Dorota
Bielatowicz	e	Bielatowicz
MORGAN	e	Morgan
FREEMAN	e	FREEMAN
Nelson	e	Nelson
Mandela	e	Mandela
Morgan	e	Morgan
Freeman	e	Freeman
Nelson	e	Nelson
Mandela	e	Mandela
Morgan	e	Morgan
Freeman	e	Freeman
Nelson	e	Nelson
Mandela	e	Mandela
Long	e	Long
Walk	e	Walk
to	e	to
Freedom	e	Freedom
Shekhar	e	Shekhar
Kapur	e	Kapur
The	e	The
Four	e	Four
Feathers	e	Feathers
Falun	e	Falun
Gong	e	Gong
Svend	e	Svend
Aage	e	Aage
Malmberg	e	Malmberg
Word	e	Word
Excel	e	Excel
Windows	e	Windows
Word	e	Word
Excel	e	Excel
Outlook	e	Outlook
Windows	e	Windows
Excel	e	Excel
Word	e	Word
Barcelona	e	Barcelona
Stepens	e	Stepens
Covey	e	Covey
Seven	e	Seven
habits	e	habits
of	e	of
highly	e	highly
effective	e	effective
people	e	people
Covey	e	Covey
Company	e	Company
Company	e	Company
Day	e	Day
Companys	e	Companys
Company	e	Company
Company	e	Company
Company	e	Company
Plexus	e	Plexus
Consulting	e	Consulting
Group	e	Group
Washington	e	Washington
DC	e	DC
Washington	e	Washington
Växjö	e	Växjö
ALLAN	e	Allan
STRAND	e	Strand
OLESEN	e	OLESEN
ISB	e	ISB
Luxembourg	e	Luxembourg
S.A.	e	S.A.
Allan	e	Allan
Strand	e	Strand
Business	e	Business
Consulting	e	Consulting
Service	e	Service
Shipping	e	Shipping
and	e	and
Logistics	e	Logistics
Copenhagen	e	Copenhagen
Business	e	Business
School	e	School
Nobex	e	Nobex
COMPANY	e	COMPANY
BlackBerry	e	BlackBerry
Vodafone	e	Vodafone
BlackBerry	e	BlackBerry
Vodafone	e	Vodafone
BlackBerry	e	BlackBerry
Vodafone	e	Vodafone
BlackBerry	e	BlackBerry
Vodafone	e	Vodafone
BlackBerry	e	BlackBerry
Vodafone	e	Vodafone
MobileOffice	e	MobileOffice
Vodafone	e	Vodafone
BlackBerry	e	BlackBerry
Vodaone	e	Vodaone
BlackBerry	e	BlackBerry
Vodafone	e	Vodafone
BlackBerry	e	BlackBerry
Vodafone	e	Vodafone
Mobile	e	Mobile
Office	e	Office
VODAFONE	e	VODAFONE
Vodafone	e	Vodafone
Svenska	e	Svenska
Handelsbanken	e	Handelsbanken
Truth	e	Truth
Well	e	Well
Told	e	Told
Excel	e	Excel
safe	e	safe
safe	e	safe
The	e	The
Ecnomist	e	Ecnomist
The	e	The
Economist	e	Economist
Peking	e	Peking
Wal-Mart	e	Wal-Mart
Finacial	e	Finacial
Times	e	Times
WalMart	e	WalMart
Wal-Mart	e	Wal-Mart
Wal-Mart	e	Wal-Mart
Le	e	Le
macks	e	macks
Group	e	Group
Sterling	e	Sterling
Washington	e	Washington
Impregilo	e	Impregilo
Kellys	e	Kellys
Brian	e	Brian
Jones	e	Jones
Davids	e	Davids
Kellys	e	Kellys
Jones	e	Jones
debenhams	e	debenhams
Esprit	e	Esprit
Mexx	e	Mexx
Debenhams	e	Debenhams
Silvio	e	Silvio
Berlusconi	e	Berlusconi
Piero	e	Piero
Fassino	e	Fassino
Fassino	e	Fassino
Fassino	e	Fassino
Romano	e	Romano
Prodi	e	Prodi
Piero	e	Piero
Fassino	e	Fassino
Berlusconis	e	Berlusconis
Silvio	e	Silvio
Berlusconi	e	Berlusconi
FASSINO	e	FASSINO
BERLUSCONI	e	BERLUSCONI
CANBERRA	e	CANBERRA
Bryan	e	Bryan
Green	e	Green
Green	e	Green
Meton	e	Meton
Metons	e	Metons
Metons	e	Metons
Tony	e	Tony
Blair	e	Blair
Davids	e	Davids
Kellys	e	Kellys
BRUSSEL	e	BRUSSEL
George	e	George
W.	e	W.
Bush	e	Bush
Bush	e	Bush
Bush	e	Bush
Midttömme	e	Midttömme
Midttömme	e	Midttömme
Brita	e	Brita
Hardeberg	e	Hardeberg
Bjerkeås	e	Bjerkeås
Rosmarie	e	Rosmarie
Kohn	e	Kohn
Riksåsen	e	Riksåsen
Dahl	e	Dahl
David	e	David
John	e	John
Milner	e	Milner
Stacey	e	Stacey
Marie	e	Marie
Champ	e	Champ
Stacey	e	Stacey
Milner	e	Milner
Milner	e	Milner
Milner	e	Milner
George	e	George
Bush	e	Bush
Bush	e	Bush
MIDTTÖMME	e	MIDTTÖMME
Florída	e	Florída
Costa	e	Costa
Blanca	e	Blanca
Costa	e	Costa
Blanca	e	Blanca
INTERNATIONAL	e	INTERNATIONAL
San	e	San
Francisco	e	Francisco
Arizona	e	Arizona
Montana	e	Montana
Idaho	e	Idaho
Arizona	e	Arizona
Idaho	e	Idaho
Montana	e	Montana
Colorado	e	Colorado
Nebraska	e	Nebraska
Arizona	e	Arizona
Idaho	e	Idaho
Montana	e	Montana
San	e	San
Francisco	e	Francisco
Nebraska	e	Nebraska
Colorado	e	Colorado
Paul	e	Paul
Hill	e	Hill
Joel	e	Joel
Blatchford	e	Blatchford
Anchorage	e	Anchorage
Turnagain	e	Turnagain
Arm	e	Arm
George	e	George
Ryan	e	Ryan
Illinois	e	Illinois
Keegan	e	Keegan
Reilly	e	Reilly
Fuji	e	Fuji
Reilly	e	Reilly
Ron	e	Ron
Hunt	e	Hunt
Reno	e	Reno
Nevada	e	Nevada
Hunt	e	Hunt
Ron	e	Ron
Ron	e	Ron
Hunt	e	Hunt
Hunts	e	Hunts
Hunt	e	Hunt
Christine	e	Christine
Wilhelm	e	Wilhelm
New	e	New
Wilhelm	e	Wilhelm
Wilhelm	e	Wilhelm
Patrick	e	Patrick
McGrath	e	McGrath
Rons	e	Rons
Hunts	e	Hunts
Hunts	e	Hunts
Sierra	e	Sierra
Leone	e	Leone
Sierra	e	Sierra
Leone	e	Leone
David	e	David
Duke	e	Duke
The	e	The
Blower	e	Blower
s	e	s
Daughter	e	Daughter
Rice	e	Rice
Lisa	e	Lisa
Hannigan	e	Hannigan
Vyvienne	e	Vyvienne
Long	e	Long
Rice	e	Rice
Rice	e	Rice
Aung	e	Aung
San	e	San
Suu	e	Suu
Kyi	e	Kyi
Mjanmar	e	Mjanmar
Rice	e	Rice
Unplayed	e	Unplayed
Piano	e	Piano
Suu	e	Suu
Kyi	e	Kyi
Crimes	e	Crimes
Rice	e	Rice
Rice	e	Rice
Jays	e	Jays
Leno	e	Leno
Jools	e	Jools
Holland	e	Holland
Conans	e	Conans
O	e	O
Brien	e	Brien
London	e	London
London	e	London
Pendulum	e	Pendulum
London	e	London
The	e	The
Prodigy	e	Prodigy
Plumb	e	Plumb
DJ	e	DJ
s	e	s
Pendulum	e	Pendulum
Fasten	e	Fasten
Your	e	Your
Seatbelt	e	Seatbelt
Slam	e	Slam
Hold	e	Hold
Your	e	Your
Colour	e	Colour
Underworld	e	Underworld
Russel	e	Russel
Crowe	e	Crowe
Crowe	e	Crowe
Crowe	e	Crowe
Crowe	e	Crowe
Crowe	e	Crowe
Zach	e	Zach
Braff	e	Braff
Scrubs	e	Scrubs
Garden	e	Garden
State	e	State
Rachel	e	Rachel
Bilson	e	Bilson
Million	e	Million
Dollar	e	Dollar
Baby	e	Baby
Crash	e	Crash
Ciudad	e	Ciudad
Pick	e	Pick
Szeged	e	Szeged
Ciudad	e	Ciudad
Ciudad	e	Ciudad
Talent	e	Talent
Dujshebaev	e	Dujshebaev
Ciudad	e	Ciudad
Pamploma	e	Pamploma
Portland	e	Portland
San	e	San
Antonio	e	Antonio
Ciudad	e	Ciudad
Real	e	Real
Pick	e	Pick
Szeged	e	Szeged
Raith	e	Raith
Rovers	e	Rovers
Gary	e	Gary
Kirk	e	Kirk
Cowdenbeath	e	Cowdenbeath
Raith	e	Raith
Hearts	e	Hearts
Kirk	e	Kirk
Raith	e	Raith
Celtic	e	Celtic
Dundee	e	Dundee
Gordon	e	Gordon
Strachan	e	Strachan
Strachan	e	Strachan
Strachan	e	Strachan
Yao	e	Yao
Ming	e	Ming
Houston	e	Houston
Rockets	e	Rockets
Dallas	e	Dallas
Mavericks	e	Mavericks
Yao	e	Yao
Jeff	e	Jeff
Van	e	Van
Gundy	e	Gundy
Houston	e	Houston
Dallas	e	Dallas
Utah	e	Utah
Jazz	e	Jazz
Phoenix	e	Phoenix
Golden	e	Golden
State	e	State
Warriors	e	Warriors
Mehmet	e	Mehmet
Okur	e	Okur
Utah	e	Utah
Golden	e	Golden
State	e	State
Carlos	e	Carlos
Boozer	e	Boozer
Utah	e	Utah
Boozer	e	Boozer
Golden	e	Golden
State	e	State
Los	e	Los
Angeles	e	Angeles
Clippers	e	Clippers
Phoenix	e	Phoenix
Suns	e	Suns
Clippers	e	Clippers
Mike	e	Mike
Dunleavy	e	Dunleavy
Clippers	e	Clippers
Gilbert	e	Gilbert
Arenas	e	Arenas
Washington	e	Washington
Boston	e	Boston
Utah	e	Utah
Barcelona	e	Barcelona
Barcelona	e	Barcelona
Ronaldinho	e	Ronaldinho
Ronaldinho	e	Ronaldinho
Ronaldinho	e	Ronaldinho
Barcelona	e	Barcelona
Ronaldinho	e	Ronaldinho
John	e	John
Terry	e	Terry
Frank	e	Frank
Lampard	e	Lampard
Chelsea	e	Chelsea
People	e	People
Glenn	e	Glenn
Roeder	e	Roeder
Newcastle	e	Newcastle
Newcastle	e	Newcastle
Barcelona	e	Barcelona
Newcastle	e	Newcastle
West	e	West
Ham	e	Ham
Sebastian	e	Sebastian
Coe	e	Coe
West	e	West
Ham	e	Ham
London	e	London
West	e	West
Ham	e	Ham
West	e	West
Ham	e	Ham
Upton	e	Upton
Park	e	Park
Coe	e	Coe
West	e	West
Ham	e	Ham
West	e	West
Ham	e	Ham
Jeb	e	Jeb
Ivey	e	Ivey
Brenton	e	Brenton
Birmingham	e	Birmingham
Iceland	e	Iceland
Chelsea	e	Chelsea
Arsenal	e	Arsenal
London	e	London
West	e	West
Ham	e	Ham
Arsenal	e	Arsenal
Tottenham	e	Tottenham
Chelsea	e	Chelsea
Aaron	e	Aaron
Lennon	e	Lennon
Tottenham	e	Tottenham
Chelsea	e	Chelsea
Claude	e	Claude
Makelele	e	Makelele
Chelsea	e	Chelsea
Michael	e	Michael
Dawson	e	Dawson
Tottenham	e	Tottenham
Chelsea	e	Chelsea
John	e	John
Terry	e	Terry
Arsene	e	Arsene
Wenger	e	Wenger
Arsenal	e	Arsenal
Alan	e	Alan
Pardew	e	Pardew
West	e	West
Ham	e	Ham
Marlon	e	Marlon
Harewood	e	Harewood
Wenger	e	Wenger
Pardew	e	Pardew
Pardew	e	Pardew
Pardew	e	Pardew
Wenger	e	Wenger
Wenger	e	Wenger
Pardew	e	Pardew
West	e	West
Ham	e	Ham
Arsenal	e	Arsenal
Manchester	e	Manchester
United	e	United
Chelsea	e	Chelsea
Aston	e	Aston
Villa	e	Villa
Blackburn	e	Blackburn
Tottenham	e	Tottenham
Gury	e	Gury
Andersson	e	Andersson
Inam	e	Inam
Rakel	e	Rakel
Yasin	e	Yasin
Elfsborg	e	Elfsborg
Djurgarden	e	Djurgarden
Öster	e	Öster
Örgryte	e	Örgryte
Elfsborg	e	Elfsborg
Stabæk	e	Stabæk
Ham-Kam	e	Ham-Kam
Daniel	e	Daniel
Nannskog	e	Nannskog
Nannskog	e	Nannskog
Stabæk	e	Stabæk
Ham-Kam	e	Ham-Kam
Viking	e	Viking
Brann	e	Brann
Rosenborg	e	Rosenborg
Iceland	e	Iceland
Show	e	Show
Off	e	Off
of	e	of
the	e	the
Year	e	Year
Ford	e	Ford
Mustang	e	Mustang
Fastback	e	Fastback
Mustanginn	e	Mustanginn
Mustanginn	e	Mustanginn
Mustanginn	e	Mustanginn
Camaro	e	Camaro
Mustang	e	Mustang
Mustanginn	e	Mustanginn
Mustanginn	e	Mustanginn
Brokeback	e	Brokeback
Mountain	e	Mountain
Brokeback	e	Brokeback
Mordor	e	Mordor
Cannes	e	Cannes
Tampere	e	Tampere
Stamford	e	Stamford
Bridge	e	Bridge
Giles	e	Giles
Nissan	e	Nissan
X-Trail	e	X-Trail
X-Trail	e	X-Trail
Nissan	e	Nissan
X-Trail	e	X-Trail
Nissan	e	Nissan
X-Trail	e	X-Trail
Sport	e	Sport
Artic	e	Artic
Trucks	e	Trucks
GARMIN	e	GARMIN
NUVI	e	NUVI
X-TRAIL	e	X-TRAIL
Artic	e	Artic
Trucks	e	Trucks
Camerarctica	e	Camerarctica
Camerarctica	e	Camerarctica
Camerarctica	e	Camerarctica
Mozarts	e	Mozarts
Camerarctica	e	Camerarctica
Mozarts	e	Mozarts
Adagio	e	Adagio
klarinett	e	klarinett
Mozart	e	Mozart
klarinett	e	klarinett
Mozarts	e	Mozarts
Stamitz	e	Stamitz
Mozart	e	Mozart
Camerarctica	e	Camerarctica
Bendt	e	Bendt
Bendt	e	Bendt
Bendt	e	Bendt
Bendt	e	Bendt
Bendt	e	Bendt
Bendt	e	Bendt
Bendt	e	Bendt
Bendt	e	Bendt
Ris	e	Ris
á	e	á
la	e	la
Mande	e	Mande
Quality	e	Quality
street	e	street
Udo	e	Udo
Erasmus	e	Erasmus
Udo	e	Udo
Erasmus	e	Erasmus
Udo	e	Udo
Udo	e	Udo
Udo	e	Udo
Udo	e	Udo
Udo	e	Udo
Udo	e	Udo
Udo	e	Udo
Fat	e	fat
that	e	that
heals	e	heals
fat	e	fat
that	e	that
kills	e	kills
Udo	e	Udo
Udo	e	Udo
Canadian	e	Canadian
Health	e	Health
Food	e	Food
Associations	e	Associations
Udo	e	Udo
Udo	e	Udo
Erasmus	e	Erasmus
Arne	e	Arne
Jacobsen	e	Jacobsen
SHEER	e	SHEER
Hapoelta	e	Hapoelta
AC	e	AC
Milan	e	Milan
Hapoel	e	Hapoel
Yossi	e	Yossi
Abuksis	e	Abuksis
Asi	e	Asi
Domb	e	Domb
Tel-Aviv	e	Tel-Aviv
CHELSEA	e	CHELSEA
HAPOEL	e	HAPOEL
Chelsea	e	Chelsea
Hapoel	e	Hapoel
Tel-Aviv	e	Tel-Aviv
Bobby	e	Bobby
Charlton	e	Charlton
Junichiro	e	Junichiro
Koizumi	e	Koizumi
KAKÁ	e	KAKÁ
Kaká	e	Kaká
Cuiaba	e	Cuiaba
Kaká	e	Kaká
Christian	e	Christian
Vieri	e	Vieri
Inter	e	Inter
Christian	e	Christian
Vieri	e	Vieri
Internazionale	e	Internazionale
Vieri	e	Vieri
Inter	e	Inter
Vieri	e	Vieri
Inter	e	Inter
Serie	e	Serie
Ronaldo	e	Ronaldo
Ronaldo	e	Ronaldo
Supermann	e	Supermann
Wella	e	Wella
Kryptonite	e	Kryptonite
Supermann	e	Supermann
DC	e	DC
Comics	e	Comics
Mike	e	Mike
Myers	e	Myers
Austin	e	Austin
Powers	e	Powers
Suess	e	Suess
How	e	How
the	e	the
Grinch	e	Grinch
stole	e	stole
Christmas	e	Christmas
Star	e	Star
Wars	e	Wars
Lucasfilm	e	Lucasfilm
Kylie	e	Kylie
Maserati	e	Maserati
Bentley	e	Bentley
Lotus	e	Lotus
Lamborghini	e	Lamborghini
Genf	e	Genf
Pagani	e	Pagani
Zondo	e	Zondo
Pagani	e	Pagani
Modena	e	Modena
Zondur	e	Zondur
Genf	e	Genf
Genf	e	Genf
Kuriosa	e	Kuriosa
ASTON	e	ASTON
MARTIN	e	MARTIN
Aston	e	Aston
Martin	e	Martin
Vanquish	e	Vanquish
Daimler	e	Daimler
Benz	e	Benz
Mercedes-Benz	e	Mercedes-Benz
Maybach	e	Maybach
PHAETON	e	PHAETON
Volkswagen	e	Volkswagen
Phaeton	e	Phaeton
FERRARI	e	FERRARI
Ferrari	e	Ferrari
Maranello	e	Maranello
Genf	e	Genf
Koenigsegg	e	Koenigsegg
Koenigsegg	e	Koenigsegg
Genf	e	Genf
Fieldy	e	Fieldy
FIELDY	e	FIELDY
S	e	S
DREAM	e	DREAM
Rock	e	Rock
n	e	n
Roll	e	Roll
Gangster	e	Gangster
Korn	e	Korn
Korn	e	Korn
Fieldy	e	Fieldy
Korn	e	Korn
Dre	e	Dre
Fieldy	e	Fieldy
Korn	e	Korn
Fieldy	e	Fieldy
Helluva	e	Helluva
Are	e	Are
you	e	you
talking	e	talking
to	e	to
me	e	me
Jonathan	e	Jonathan
Davis	e	Davis
Korn	e	Korn
Just	e	Just
for	e	for
now	e	now
Fieldy	e	Fieldy
s	e	s
Dream	e	Dream
Fieldy	e	Fieldy
Brahms	e	Brahms
Vox	e	Vox
Feminae	e	Feminae
Vox	e	Vox
Feminae	e	Feminae
Lieberslieder-Walzer	e	Lieberslieder-Walzer
Johannes	e	Johannes
Brahms	e	Brahms
Timo	e	Timo
Mähönen	e	Mähönen
Juha	e	Juha
Metso	e	Metso
Art	e	Art
Marines	e	Marines
Art	e	Art
Marines	e	Marines
portrait	e	portrait
Xavier	e	Xavier
Beauvios	e	Beauvios
Beauvios	e	Beauvios
Cannes	e	Cannes
N	e	N
oublie	e	oublie
pas	e	pas
que	e	que
tu	e	tu
vas	e	vas
mourir	e	mourir
Selon	e	Selon
Mathieu	e	Mathieu
Mathieu	e	Mathieu
Xavier	e	Xavier
Pierre	e	Pierre
Bourdieu	e	Bourdieu
Mathieu	e	Mathieu
Mathieu	e	Mathieu
Xavier	e	Xavier
Xavier	e	Xavier
Alliance	e	Alliance
Francais	e	Francais
Xavier	e	Xavier
Beauvios	e	Beauvios
Selon	e	Selon
Mathieu	e	Mathieu
XAVIER	e	XAVIER
BEUVIOS	e	BEUVIOS
Subtle	e	Subtle
Knife	e	Knife
Phillip	e	Phillip
Pullman	e	Pullman
Golden	e	Golden
Compass	e	Compass
Brahms	e	Brahms
Vox	e	Vox
Feminae	e	Feminae
Vox	e	Vox
Feminae	e	Feminae
Lieberslieder-Walzer	e	Lieberslieder-Walzer
Johannes	e	Johannes
Brahms	e	Brahms
Polydor	e	Polydor
Friedrich	e	Friedrich
Daumer	e	Daumer
Paul	e	Paul
Hindermann	e	Hindermann
Vox	e	Vox
Feminae	e	Feminae
VOX	e	VOX
FEMINAE	e	FEMINAE
Vox	e	Vox
Feminae	e	Feminae
Rutgers	e	Rutgers
Orbitrek	e	Orbitrek
PlayStation	e	PlayStation
Gockel	e	Gockel
Britney	e	Britney
Spears	e	Spears
Mohamed	e	Mohamed
Ali	e	Ali
LORD	e	LORD
OF	e	OF
THE	e	THE
RINGS	e	RINGS
gallery	e	gallery
Herbalife	e	Herbalife
strata	e	strata
MACINTOSH	e	MACINTOSH
french	e	french
manicurie	e	manicurie
Herblife	e	Herblife
Dernajetics	e	Dernajetics
Raja	e	Raja
Artstudio	e	Artstudio
Matusa	e	Matusa
Brandt	e	Brandt
Candy	e	Candy
Britax	e	Britax
Tatung	e	Tatung
Canon	e	Canon
cats	e	cats
Toyota	e	Toyota
Corola	e	Corola
Volvo	e	Volvo
Polo	e	Polo
Daihatsu	e	Daihatsu
Charade	e	Charade
Daihatsu	e	Daihatsu
Applause	e	Applause
Toyota	e	Toyota
Audi	e	Audi
TT	e	TT
Honda	e	Honda
Accord	e	Accord
VOLVO	e	VOLVO
Alfa	e	Alfa
Romeo	e	Romeo
Tspark	e	Tspark
Nissan	e	Nissan
Terrano	e	Terrano
SE	e	SE
Diesel	e	Diesel
bsk	e	bsk
Subaru	e	Subaru
Opel	e	Opel
spoiler	e	spoiler
Daeewo	e	Daeewo
Lanos	e	Lanos
Daewoo	e	Daewoo
Nubira	e	Nubira
SX	e	SX
Wagon	e	Wagon
Renault	e	Renault
Kangoo	e	Kangoo
diesel	e	diesel
spoiler	e	spoiler
Korando	e	Korando
Grand	e	Grand
Cherokee	e	Cherokee
Laredo	e	Laredo
Cherokee	e	Cherokee
Dodge	e	Dodge
Grand	e	Grand
Cherokee	e	Cherokee
Laredo	e	Laredo
Grand	e	Grand
Cherokee	e	Cherokee
Laredoárg	e	Laredoárg
Elantra	e	Elantra
Suzuki	e	Suzuki
Burkhard	e	Burkhard
Göschel	e	Göschel
Williams	e	Williams
Mario	e	Mario
Theissen	e	Theissen
Sauber	e	Sauber
Williams	e	Williams
Sauber	e	Sauber
Kekic	e	Kekic
Sinisa	e	Sinisa
Kekic	e	Kekic
Mounir	e	Mounir
Ahandour	e	Ahandour
Kekic	e	Kekic
Paul	e	Paul
McShane	e	McShane
Kekic	e	Kekic
Sinisa	e	Sinisa
Kekic	e	Kekic
Rógvi	e	Rógvi
Jacobsen	e	Jacobsen
Josef	e	Josef
Maruniak	e	Maruniak
War	e	War
of	e	of
the	e	the
worlds	e	worlds
Coca	e	Coca
Cola	e	Cola
Strakovsky	e	Strakovsky
s	e	s
Horo	e	Horo
Klezmer	e	Klezmer
Balkan	e	Balkan
Carnegie	e	Carnegie
Art	e	Art
Award	e	Award
Nice	e	Nice
London	e	London
Suzanne	e	Suzanne
Pagé	e	Pagé
Carnegie	e	Carnegie
Art	e	Art
Award	e	Award
Carnegie	e	Carnegie
Art	e	Art
Award	e	Award
Carnegie	e	Carnegie
Karin	e	Karin
Mamma	e	Mamma
Andersson	e	Andersson
Lindholm	e	Lindholm
Salzburg	e	Salzburg
Astrid	e	Astrid
Lindgren	e	Lindgren
Tokyo	e	Tokyo
Maastricht	e	Maastricht
Sesam	e	Sesam
Brian	e	Brian
Pilkington	e	Pilkington
Sesam	e	Sesam
N.W.	e	N.W.
Damm	e	Damm
Søn	e	Søn
AS	e	AS
Act	e	act
now	e	now
HOT	e	HOT
DAMN	e	DAMN
The	e	The
Big	e	Big
n	e	n
Nasty	e	Nasty
Groove	e	Groove
O	e	O
Mutha	e	Mutha
The	e	The
White	e	White
Stripes	e	Stripes
Happens	e	Happens
Secretly	e	Secretly
Rotterdam	e	Rotterdam
Nix	e	Nix
Nolte	e	Nolte
Happens	e	Happens
Secretly	e	Secretly
Rain	e	Rain
Experiment	e	Experiment
of	e	of
Day	e	Day
Twisted	e	Twisted
Minds	e	Minds
hiphopi	e	hiphopi
Forgotten	e	Forgotten
Lores	e	Lores
Telepathic	e	Telepathic
Translation	e	Translation
Buck	e	Buck
Sage	e	Sage
Francis	e	Francis
He	e	He
called	e	called
up	e	up
the	e	the
House	e	House
of	e	of
Lust	e	Lust
ordered	e	ordered
a	e	a
five	e	five
foot	e	foot
two	e	two
but	e	but
to	e	to
his	e	his
surprise	e	surprise
this	e	this
lady	e	lady
was	e	was
a	e	a
dude	e	dude
Hot	e	Hot
Damn	e	Damn
That	e	That
Woman	e	Woman
Is	e	is
a	e	a
Man	e	man
Coldplay	e	Coldplay
Foo	e	Foo
Fighters	e	Fighters
In	e	In
Your	e	Your
Honor	e	Honor
One	e	One
by	e	by
One	e	One
Backstreet	e	Backstreet
Boys	e	Boys
Never	e	Never
Gone	e	Gone
FB	e	FB
British	e	British
Sea	e	Sea
Power	e	Power
Open	e	Open
Season	e	Season
Coldplay	e	Coldplay
Coldplay	e	Coldplay
Fourt	e	Fourt
Tet	e	Tet
Everything	e	Everything
Ecstatic	e	Ecstatic
Jane	e	Jane
Berserker	e	Berserker
Animal	e	Animal
Collective	e	Collective
ambíent	e	ambíent
System	e	System
of	e	of
a	e	a
Down	e	Down
Mezmerize	e	Mezmerize
System	e	System
of	e	of
a	e	a
Down	e	Down
Mezmerize	e	Mezmerize
Jack	e	Jack
Johnson	e	Johnson
In	e	In
Between	e	Between
Dreams	e	Dreams
The	e	The
Cure	e	Cure
Porl	e	Porl
Thompson	e	Thompson
The	e	The
Cure	e	Cure
Perry	e	Perry
Bamonte	e	Bamonte
Roger	e	Roger
O	e	O
Donnell	e	Donnell
Robert	e	Robert
Smith	e	Smith
Simon	e	Simon
Gallup	e	Gallup
Jason	e	Jason
Cooper	e	Cooper
Ash	e	Ash
Ash	e	Ash
Knitting	e	Knitting
Factory	e	Factory
Los	e	Los
Angeles	e	Angeles
Ash	e	Ash
San	e	San
Francisco	e	Francisco
Tim	e	Tim
Wheeler	e	Wheeler
Burn	e	Burn
Baby	e	Baby
Burn	e	Burn
RAIN	e	RAIN
Experiment	e	Experiment
of	e	of
Day	e	Day
hiphop	e	hiphop
CHRIS	e	CHRIS
MARTIN	e	MARTIN
Coldplay	e	Coldplay
THE	e	THE
CURE	e	CURE
Robert	e	Robert
Smith	e	Smith
The	e	The
Cure	e	Cure
ASH	e	ASH
Ash	e	Ash
Leaves	e	Leaves
The	e	The
Spell	e	Spell
The	e	The
Angela	e	Angela
Test	e	Test
Digital	e	Digital
Digital	e	Digital
David	e	David
Letterman	e	Letterman
True	e	True
Calling	e	Calling
Tru	e	Tru
Davis	e	Davis
Vegas	e	Vegas
Rob	e	Rob
Lowe	e	Lowe
Joe	e	Joe
Pantoliano	e	Pantoliano
Tom	e	Tom
Sizemore	e	Sizemore
American	e	American
Dad	e	Dad
Family	e	Family
Guy	e	Guy
The	e	The
Road	e	Road
to	e	to
Stardom	e	Stardom
with	e	with
Missy	e	Missy
Elliott	e	Elliott
HipHop	e	HipHop
American	e	American
Idol	e	Idol
HipHop	e	HipHop
Joan	e	Joan
of	e	of
Arcadia	e	Arcadia
Fabulous	e	Fabulous
Life	e	Life
of	e	of
Rescue	e	Rescue
Me	e	Me
Friends	e	Friends
Seinfeld	e	Seinfeld
The	e	The
X-Files	e	X-Files
Idol	e	Idol
Encode	e	Encode
Yarlung	e	Yarlung
Roborovski	e	Roborovski
Ósírisar	e	Ósírisar
Bast	e	Bast
Artemis	e	Artemis
Artemis	e	Artemis
Artemis	e	Artemis
Hekata	e	Hekata
Tycho	e	Tycho
Brahe	e	Brahe
Zen	e	Zen
Miller	e	Miller
Iwo	e	Iwo
Jima	e	Jima
Iwo	e	Iwo
Jima	e	Jima
Joe	e	Joe
Rosenthal	e	Rosenthal
Iwo	e	Iwo
Jima	e	Jima
Rosenthal	e	Rosenthal
Associated	e	Associated
Press	e	Press
de	e	de
Weldon	e	Weldon
Clint	e	Clint
Eastwood	e	Eastwood
Flags	e	Flags
of	e	of
Our	e	Our
Fathers	e	Fathers
Iwo	e	Iwo
Jima	e	Jima
Iwo	e	Iwo
Jima	e	Jima
Operation	e	Operation
Detachment	e	Detachment
Iwo	e	Iwo
Jima	e	Jima
Iwo	e	Iwo
Jima	e	Jima
Iwo	e	Iwo
Jima	e	Jima
Tadamichi	e	Tadamichi
Kuribayashi	e	Kuribayashi
Iwo	e	Iwo
Jima	e	Jima
Kuirbayashi	e	Kuirbayashi
Iwo	e	Iwo
Jima	e	Jima
Chosaku	e	Chosaku
Kaido	e	Kaido
Iwo	e	Iwo
Jima	e	Jima
Iwo	e	Iwo
Jima	e	Jima
Guadalcanal	e	Guadalcanal
Guam	e	Guam
Iwo	e	Iwo
Jima	e	Jima
Iwo	e	Iwo
Jima	e	Jima
Joe	e	Joe
Rosenthal	e	Rosenthal
Clint	e	Clint
Eastwood	e	Eastwood
Flags	e	Flags
of	e	of
Our	e	Our
Fathers	e	Fathers
Iwo	e	Iwo
Jima	e	Jima
TADAMICHI	e	TADAMICHI
KURIBAYASHI	e	KURIBAYASHI
RAYMOND	e	RAYMOND
SPRUANCE	e	SPRUANCE
Concert	e	Concert
WIG	e	WIG
WAM	e	WAM
In	e	In
My	e	My
Dreams	e	Dreams
come	e	come
on	e	on
It	e	It
s	e	s
Hard	e	Hard
to	e	to
be	e	be
a	e	a
Rock	e	Rock
-n	e	-n
Roller	e	Roller
in	e	in
Kiev	e	Kiev
Concert	e	Concert
WIG	e	WIG
WAM	e	WAM
Joe	e	Joe
Rosenthal	e	Rosenthal
Associated	e	Associated
Press	e	Press
Ira	e	Ira
Hayes	e	Hayes
Franklin	e	Franklin
Sousley	e	Sousley
Michael	e	Michael
Strank	e	Strank
John	e	John
Bradley	e	Bradley
Rene	e	Rene
Gagnon	e	Gagnon
Harlon	e	Harlon
Block	e	Block
Hayes	e	Hayes
Bradley	e	Bradley
Gagnon	e	Gagnon
Sousley	e	Sousley
Strank	e	Strank
Block	e	Block
Michael	e	Michael
Strank	e	Strank
Strank	e	Strank
Washington	e	Washington
Harlon	e	Harlon
Block	e	Block
Texas	e	Texas
Stranks	e	Stranks
Strank	e	Strank
Harry	e	Harry
Hansen	e	Hansen
Boston	e	Boston
Harlon	e	Harlon
Iwo	e	Iwo
Jima	e	Jima
Harlingen	e	Harlingen
Texas	e	Texas
Franklin	e	Franklin
Sousley	e	Sousley
Kentucky	e	Kentucky
Franklin	e	Franklin
Iwo	e	Iwo
Jima	e	Jima
Ira	e	Ira
Hayes	e	Hayes
Arizona	e	Arizona
Rene	e	Rene
Gagnon	e	Gagnon
New	e	New
Hampshire	e	Hampshire
Gagnon	e	Gagnon
John	e	John
Bradley	e	Bradley
Wisconsin	e	Wisconsin
Bradley	e	Bradley
Harlons	e	Harlons
Block	e	Block
Bradleys	e	Bradleys
Flags	e	Flags
of	e	of
our	e	our
Fathers	e	Fathers
Eastwoods	e	Eastwoods
IWO	e	IWO
JIMA	e	JIMA
WASHINGTON	e	WASHINGTON
DC	e	DC
Iwo	e	Iwo
Jima	e	Jima
Iwo	e	Iwo
Jima	e	Jima
Iwo	e	Iwo
Jima	e	Jima
Spock	e	Spock
Classic	e	Classic
Rock	e	Rock
John	e	John
Bonham	e	Bonham
Chad	e	Chad
Smith	e	Smith
Blood	e	Blood
Sugar	e	Sugar
Sex	e	Sex
Magic	e	Magic
Larry	e	Larry
Primus	e	Primus
Dave	e	Dave
Lombardo	e	Lombardo
Korn	e	Korn
Dave	e	Dave
Grohl	e	Grohl
idol	e	idol
Classic	e	Classic
Rock	e	Rock
Matt	e	Matt
Sorum	e	Sorum
Velvet	e	Velvet
Revolver	e	Revolver
Guns	e	Guns
n	e	n
Roses	e	Roses
Classic	e	Classic
Rock	e	Rock
John	e	John
Bonham	e	Bonham
Led	e	Led
Zeppelin	e	Zeppelin
Dave	e	Dave
Grohl	e	Grohl
Foo	e	Foo
Fighters	e	Fighters
Keith	e	Keith
Moon	e	Moon
The	e	The
Who	e	Who
Neil	e	Neil
Peart	e	Peart
Rush	e	Rush
Chad	e	Chad
Smith	e	Smith
Red	e	Red
Hot	e	Hot
Chili	e	Chili
Peppers	e	Peppers
Ringo	e	Ringo
Starr	e	Starr
Taylor	e	Taylor
Hawkins	e	Hawkins
Foo	e	Foo
Fighters	e	Fighters
Ulrich	e	Ulrich
Metallica	e	Metallica
Phil	e	Phil
Rudd	e	Rudd
AC	e	AC
DC	e	DC
Jimmy	e	Jimmy
Chamberlain	e	Chamberlain
Smashing	e	Smashing
Pumpkins	e	Pumpkins
Matt	e	Matt
Cameron	e	Cameron
Pearl	e	Pearl
Jam	e	Jam
Roger	e	Roger
Taylor	e	Taylor
Queen	e	Queen
Igor	e	Igor
Cavalera	e	Cavalera
Sepultura	e	Sepultura
Nick	e	Nick
Mason	e	Mason
Pink	e	Pink
Floyd	e	Floyd
Cindy	e	Cindy
Blackman	e	Blackman
Lenny	e	Lenny
Kravitz	e	Kravitz
JOHN	e	John
BONHAM	e	Bonham
Moby	e	Moby
Dick	e	Dick
Bonham	e	Bonham
Led	e	Led
Zeppelin	e	Zeppelin
Bonham	e	Bonham
Led	e	Led
Zeppelin	e	Zeppelin
DAVE	e	DAVE
GROHL	e	GROHL
Nirvana	e	Nirvana
Nevermind	e	Nevermind
Grohl	e	Grohl
Foo	e	Foo
Fighters	e	Fighters
Queens	e	Queens
of	e	of
the	e	the
Stone	e	Stone
Age	e	Age
Nine	e	Nine
Inch	e	Inch
Nails	e	Nails
Grohl	e	Grohl
John	e	John
Bonham	e	Bonham
Led	e	Led
Zeppelin	e	Zeppelin
KEITH	e	KEITH
MOON	e	MOON
Moon	e	Moon
Moon	e	Moon
the	e	the
Loon	e	Loon
NEIL	e	NEIL
PEART	e	PEART
Peart	e	Peart
Rush	e	Rush
Buddy	e	Buddy
Rich	e	Rich
CHAD	e	CHAD
SMITH	e	SMITH
Red	e	Red
Hot	e	Hot
Chili	e	Chili
Peppers	e	Peppers
Higher	e	Higher
Ground	e	Ground
NEIL	e	NEIL
PEART	e	PEART
John	e	John
Bonham	e	Bonham
Led	e	Led
Zeppelin	e	Zeppelin
Dave	e	Dave
Grohl	e	Grohl
Nirvana	e	Nirvana
Foo	e	Foo
Fighters	e	Fighters
Queens	e	Queens
of	e	of
the	e	the
Stone	e	Stone
Age	e	Age
Nine	e	Nine
Inch	e	Inch
Nails	e	Nails
Killing	e	Killing
Joke	e	Joke
Probot	e	Probot
Keith	e	Keith
Moon	e	Moon
The	e	The
Who	e	Who
Neil	e	Neil
Peart	e	Peart
Rush	e	Rush
Chad	e	Chad
Smith	e	Smith
Red	e	Red
Hot	e	Hot
Chili	e	Chili
Peppers	e	Peppers
Glenn	e	Glenn
Hughes	e	Hughes
Dave	e	Dave
Lombardo	e	Lombardo
Slayer	e	Slayer
Mitch	e	Mitch
Mitchell	e	Mitchell
The	e	The
Jimi	e	Jimi
Hendrix	e	Hendrix
Experience	e	Experience
Ian	e	Ian
Paice	e	Paice
Deep	e	Deep
Purple	e	Purple
Cozy	e	Cozy
Powell	e	Powell
Rainbow	e	Rainbow
Black	e	Black
Sabbath	e	Sabbath
MSG	e	MSG
Charlie	e	Charlie
Watts	e	Watts
The	e	The
Rolling	e	Rolling
Stones	e	Stones
Nicko	e	Nicko
McBrain	e	McBrain
Iron	e	Iron
Maiden	e	Maiden
Ginger	e	Ginger
Baker	e	Baker
Cream	e	Cream
Blind	e	Blind
Faith	e	Faith
Masters	e	Masters
of	e	of
Reality	e	Reality
Joey	e	Joey
Jordison	e	Jordison
Slipknot	e	Slipknot
Phil	e	Phil
Collins	e	Collins
Genesis	e	Genesis
Carl	e	Carl
Palmer	e	Palmer
Emerson	e	Emerson
Lake	e	Lake
Palmer	e	Palmer
Asia	e	Asia
Bill	e	Bill
Bruford	e	Bruford
King	e	King
Crimson	e	Crimson
Yes	e	Yes
Mike	e	Mike
Portnoy	e	Portnoy
Dream	e	Dream
Theater	e	Theater
Stewart	e	Stewart
Copeland	e	Copeland
The	e	The
Police	e	Police
Tommy	e	Tommy
Lee	e	Lee
Mötley	e	Mötley
Crüe	e	Crüe
Bill	e	Bill
Ward	e	Ward
Black	e	Black
Sabbath	e	Sabbath
John	e	John
Bonham	e	Bonham
Led	e	Led
Zeppelin	e	Zeppelin
Classic	e	Classic
Rock	e	Rock
Dave	e	Dave
Grohl	e	Grohl
Nirvana	e	Nirvana
Foo	e	Foo
Fighters	e	Fighters
Bonham	e	Bonham
JOHN	e	John
BONHAM	e	Bonham
Led	e	Led
Zeppelin	e	Zeppelin
Classic	e	Classic
Rock	e	Rock
DAVE	e	DAVE
GROHL	e	GROHL
Nirvana	e	Nirvana
Nevermind	e	Nevermind
KEITH	e	KEITH
MOON	e	MOON
CHAD	e	CHAD
SMITH	e	SMITH
Smith	e	Smith
John	e	John
Bonham	e	Bonham
Hole	e	Hole
in	e	in
One	e	One
Royal	e	Royal
Club	e	Club
Scanna	e	Scanna
Titanium	e	Titanium
Royal	e	Royal
Kids	e	Kids
Xtech	e	Xtech
HEARTS	e	HEARTS
Hearts	e	Hearts
JERMAIN	e	JERMAIN
DEFOE	e	DEFOE
WAYNE	e	WAYNE
ROONEY	e	ROONEY
CELTIC	e	CELTIC
Celtic	e	Celtic
ADRIANO	e	ADRIANO
CELTIC	e	CELTIC
Celtic	e	Celtic
EVERTON	e	EVERTON
Lokeren	e	Lokeren
Lilleström	e	Lilleström
Everton	e	Everton
PATRICK	e	Patrick
VIERA	e	VIERA
Feyonord	e	Feyonord
Ipswich	e	Ipswich
ALAN	e	ALAN
SMITH	e	SMITH
HEERENVEEN	e	HEERENVEEN
Heerenveen	e	Heerenveen
Kodak	e	Kodak
XTRALIFE	e	XTRALIFE
pixla	e	pixla
EOS	e	EOS
integrated	e	integrated
cleaning	e	cleaning
system	e	system
sensor	e	sensor
Digic	e	Digic
burst	e	burst
Picture	e	Picture
style	e	style
RAW	e	RAW
Video	e	Video
out	e	out
Elton	e	Elton
John	e	John
Harlem	e	Harlem
New	e	New
York	e	York
Donatella	e	Donatella
Versace	e	Versace
Elton	e	Elton
John	e	John
David	e	David
Furnish	e	Furnish
Pierce	e	Pierce
Brosnan	e	Brosnan
Bondari	e	Bondari
Christensen	e	Christensen
Donatella	e	Donatella
Versace	e	Versace
Tyler	e	Tyler
Royston	e	Royston
Langdon	e	Langdon
Ozzy	e	Ozzy
Osbourne	e	Osbourne
Sharon	e	Sharon
Osbourne	e	Osbourne
Elizabeth	e	Elizabeth
Hurley	e	Hurley
Arun	e	Arun
Nayar	e	Nayar
Eltons	e	Eltons
John	e	John
Elton	e	Elton
Elizabeth	e	Elizabeth
Victoria	e	Victoria
Beckham	e	Beckham
P	e	P
Diddy	e	Diddy
Diddy	e	Diddy
Beckham	e	Beckham
Chardonnay	e	Chardonnay
P	e	P
Diddy	e	Diddy
South	e	South
Park	e	Park
Blonde	e	Blonde
Redhead	e	Redhead
Caroline	e	Caroline
Ugglas	e	Ugglas
Janis	e	Janis
Joplin	e	Joplin
Caroline	e	Caroline
Janis	e	Janis
Joplin	e	Joplin
Café	e	Café
Aroma	e	Aroma
Norbit	e	Norbit
Capacent	e	Capacent
Gallup	e	Gallup
camembert	e	camembert
Skybridge	e	Skybridge
Kubana	e	Kubana
emeritus	e	emeritus
